run_idx,async_ran_first,sync_time_elapsed,async_time_elapsed
0,True,1.8310811519622803,0.8901989459991455
1,True,1.5407829284667969,0.8648641109466553
2,False,1.2607862949371338,0.9196219444274902
3,True,1.189561128616333,0.9382920265197754
4,False,1.1912031173706055,0.9057660102844238
5,True,1.1935861110687256,0.911870002746582
6,True,1.197998046875,0.9128608703613281
7,False,1.2017929553985596,0.9142048358917236
8,True,1.2082490921020508,0.9010717868804932
9,True,1.194939136505127,0.9142248630523682
10,False,1.1941421031951904,0.898853063583374
11,False,1.1929049491882324,0.9053740501403809
12,False,1.193838119506836,0.9070160388946533
13,True,1.1788361072540283,0.9129049777984619
14,True,1.1920740604400635,0.9137418270111084
15,True,1.2039928436279297,0.9012742042541504
16,True,1.1980280876159668,0.9120960235595703
17,True,1.1945600509643555,0.9085156917572021
18,True,1.2063190937042236,0.91326904296875
19,True,1.1878390312194824,0.9178709983825684
20,True,1.1997971534729004,0.9095916748046875
21,True,1.195255994796753,0.9129211902618408
22,True,1.1869418621063232,0.9145078659057617
23,True,1.1974883079528809,0.9140479564666748
24,False,1.193709135055542,0.9043080806732178
25,True,1.1968200206756592,0.9095070362091064
26,True,1.1976048946380615,0.9112739562988281
27,True,1.189497709274292,0.9167940616607666
28,False,1.203057050704956,0.9147171974182129
29,True,1.1971797943115234,0.9081761837005615
30,False,1.1998469829559326,0.897820234298706
31,False,1.1998229026794434,0.9177651405334473
32,True,1.1984269618988037,0.9106988906860352
33,True,1.1976280212402344,0.9111387729644775
34,False,1.2011570930480957,0.9080560207366943
35,False,1.1970908641815186,0.9001269340515137
36,True,1.2027308940887451,0.9142022132873535
37,False,1.1984302997589111,0.915355920791626
38,True,1.2004539966583252,0.9131720066070557
39,False,1.2078351974487305,0.9144759178161621
40,False,1.1985361576080322,0.903649091720581
41,True,1.1848678588867188,0.9143612384796143
42,True,1.190718173980713,0.906085729598999
43,False,1.2020752429962158,0.9046640396118164
44,True,1.202021837234497,0.9128701686859131
45,False,1.2051548957824707,0.9011390209197998
46,False,1.2038888931274414,0.9099020957946777
47,True,1.2030537128448486,0.911201000213623
48,True,1.2011501789093018,0.9047989845275879
49,True,1.1957709789276123,0.9078481197357178
50,False,1.2046220302581787,0.9152083396911621
51,False,1.2063350677490234,0.9130978584289551
52,False,1.198716163635254,0.9124307632446289
53,True,1.1985149383544922,0.9130141735076904
54,False,1.1983768939971924,0.8998851776123047
55,True,1.2048730850219727,0.906764030456543
56,True,1.206855058670044,0.9086019992828369
57,True,1.2003109455108643,0.9112651348114014
58,False,1.186586856842041,0.9112341403961182
59,False,1.1951868534088135,0.9089400768280029
60,False,1.2075300216674805,0.9156379699707031
61,False,1.1969270706176758,0.9143669605255127
62,True,1.1990540027618408,0.8982770442962646
63,True,1.2027246952056885,0.9070210456848145
64,True,1.187953233718872,0.9117588996887207
65,True,1.2045230865478516,0.9129171371459961
66,False,1.204545021057129,0.9069168567657471
67,False,1.1971890926361084,0.9117109775543213
68,True,1.2008748054504395,0.9080028533935547
69,True,1.202650785446167,0.9021151065826416
70,True,1.2064568996429443,0.8991398811340332
71,False,1.2073979377746582,0.9182829856872559
72,False,1.2087953090667725,0.8965969085693359
73,True,1.2042968273162842,0.908560037612915
74,True,1.2022550106048584,0.9024360179901123
75,False,1.2099008560180664,0.9171469211578369
76,True,1.2042601108551025,0.9125118255615234
77,True,1.2062127590179443,0.9011120796203613
78,False,1.199643850326538,0.9040639400482178
79,True,1.198864221572876,0.9104998111724854
80,False,1.1986041069030762,0.9067659378051758
81,True,1.1967241764068604,0.8994300365447998
82,False,1.2031309604644775,0.9057910442352295
83,True,1.202704906463623,0.9092810153961182
84,False,1.2036418914794922,0.9113032817840576
85,False,1.2011182308197021,0.9158380031585693
86,False,1.196763038635254,0.9088799953460693
87,False,1.1912026405334473,0.9159941673278809
88,False,1.197380781173706,0.9126770496368408
89,True,1.1987652778625488,0.9158797264099121
90,False,1.1986300945281982,0.9098708629608154
91,False,1.2022902965545654,0.9125139713287354
92,False,1.2034621238708496,0.908595085144043
93,False,1.2044811248779297,0.911290168762207
94,True,1.203272819519043,0.910614013671875
95,True,1.1981861591339111,0.9073307514190674
96,True,1.201035976409912,0.9055280685424805
97,False,1.1986639499664307,0.9108941555023193
98,True,1.2017810344696045,0.908886194229126
99,True,1.2035038471221924,0.9176862239837646
100,True,1.200650930404663,0.91634202003479
101,True,1.2099368572235107,0.9170889854431152
102,False,1.2028570175170898,0.9077579975128174
103,False,1.2090630531311035,0.9085919857025146
104,False,1.2007601261138916,0.9086949825286865
105,False,1.1966009140014648,0.9106731414794922
106,True,1.2031359672546387,0.9129061698913574
107,False,1.2064082622528076,0.9090442657470703
108,True,1.2013871669769287,0.8998990058898926
109,False,1.2013251781463623,0.900627851486206
110,True,1.1995010375976562,0.8896629810333252
111,False,1.2030799388885498,0.9119429588317871
112,False,1.1983921527862549,0.9095280170440674
113,True,1.2063288688659668,0.9132239818572998
114,False,1.2040879726409912,0.9126830101013184
115,True,1.201380729675293,0.9075400829315186
116,False,1.19972825050354,0.8974878787994385
117,False,1.202929973602295,0.9086482524871826
118,True,1.2044949531555176,0.8965559005737305
119,True,1.2039411067962646,0.9180209636688232
120,False,1.2050220966339111,0.9031169414520264
121,False,1.1882610321044922,0.9170901775360107
122,True,1.1902220249176025,0.916438102722168
123,False,1.1881515979766846,0.9180443286895752
124,True,1.166200876235962,0.9033610820770264
125,True,1.2080488204956055,0.9116911888122559
126,True,1.205583095550537,0.8947389125823975
127,True,1.2054400444030762,0.9192447662353516
128,False,1.194700002670288,0.9033751487731934
129,False,1.2160131931304932,0.8919148445129395
130,True,1.205763816833496,0.9021868705749512
131,True,1.200923204421997,0.9169368743896484
132,False,1.2071380615234375,0.9123232364654541
133,True,1.2015249729156494,0.907451868057251
134,False,1.19976806640625,0.9088866710662842
135,False,1.1814751625061035,0.8992459774017334
136,True,1.2029469013214111,0.9039220809936523
137,True,1.2035372257232666,0.9091508388519287
138,False,1.2047131061553955,0.9077789783477783
139,False,1.1880080699920654,0.9025487899780273
140,True,1.1849141120910645,0.9114649295806885
141,False,1.1892199516296387,0.919917106628418
142,True,1.2047700881958008,0.8997359275817871
143,True,1.2105977535247803,0.9135351181030273
144,True,1.203977108001709,0.9127330780029297
145,True,1.2038750648498535,0.9158718585968018
146,True,1.2057018280029297,0.9114739894866943
147,False,1.2049930095672607,0.9118211269378662
148,False,1.2100591659545898,0.9097678661346436
149,True,1.1824440956115723,0.9009237289428711
150,False,1.188978910446167,0.9111189842224121
151,True,1.2087807655334473,0.912297248840332
152,True,1.2047080993652344,0.9087238311767578
153,True,1.1996748447418213,0.9171390533447266
154,True,1.2005600929260254,0.9107229709625244
155,True,1.2060790061950684,0.8979721069335938
156,False,1.2047371864318848,0.9103710651397705
157,False,1.156515121459961,0.9226601123809814
158,True,1.187119960784912,0.9090139865875244
159,True,1.190438985824585,0.913118839263916
160,False,1.1915960311889648,0.9092810153961182
161,False,1.180616855621338,0.915747880935669
162,True,1.2052509784698486,0.9050850868225098
163,False,1.1901628971099854,0.9175131320953369
164,False,1.2046482563018799,0.9105150699615479
165,False,1.2037630081176758,0.9007699489593506
166,True,1.201988935470581,0.8883230686187744
167,True,1.190708875656128,0.9155640602111816
168,False,1.2021088600158691,0.9132452011108398
169,False,1.1994798183441162,0.915992021560669
170,False,1.2022669315338135,0.9071071147918701
171,True,1.2047491073608398,0.9089670181274414
172,False,1.1871616840362549,0.9124391078948975
173,True,1.1980111598968506,0.914395809173584
174,False,1.2055070400238037,0.9105322360992432
175,False,1.2030420303344727,0.9114487171173096
176,False,1.1994519233703613,0.9113531112670898
177,True,1.2088050842285156,0.9018189907073975
178,True,1.1879169940948486,0.9161660671234131
179,True,1.2061517238616943,0.9164280891418457
180,True,1.20271897315979,0.9082639217376709
181,False,1.2072300910949707,0.9180827140808105
182,False,1.2071001529693604,0.909621000289917
183,False,1.1906828880310059,0.9130289554595947
184,True,1.2013030052185059,0.9111759662628174
185,False,1.203301191329956,0.9157729148864746
186,False,1.2117280960083008,0.907541036605835
187,True,1.2054469585418701,0.9118661880493164
188,True,1.1913039684295654,0.9180300235748291
189,False,1.2047696113586426,0.909332275390625
190,True,1.2022950649261475,0.9159510135650635
191,False,1.2029387950897217,0.9189350605010986
192,True,1.2068471908569336,0.907214879989624
193,False,1.2063570022583008,0.9202291965484619
194,True,1.200308084487915,0.9130339622497559
195,False,1.2129909992218018,0.9162898063659668
196,True,1.1980350017547607,0.9052610397338867
197,False,1.1978180408477783,0.9135499000549316
198,False,1.2070252895355225,0.9112436771392822
199,False,1.1995923519134521,0.9085328578948975
200,True,1.1985678672790527,0.9083671569824219
201,True,1.2017982006072998,0.8990626335144043
202,False,1.207977056503296,0.9060258865356445
203,True,1.2041289806365967,0.9153988361358643
204,True,1.1999659538269043,0.9095540046691895
205,True,1.2047622203826904,0.9119718074798584
206,True,1.1986727714538574,0.9128091335296631
207,True,1.205475091934204,0.9171509742736816
208,True,1.1993727684020996,0.9054901599884033
209,True,1.1995630264282227,0.9069690704345703
210,True,1.200718879699707,0.8981499671936035
211,False,1.2018969058990479,0.916672945022583
212,True,1.198681116104126,0.9145908355712891
213,False,1.1991419792175293,0.9123828411102295
214,True,1.2030048370361328,0.9111301898956299
215,False,1.199275016784668,0.9178829193115234
216,False,1.2039449214935303,0.9156758785247803
217,True,1.204908847808838,0.8943192958831787
218,False,1.202585220336914,0.9136669635772705
219,False,1.2004988193511963,0.9106628894805908
220,True,1.202944040298462,0.8998677730560303
221,True,1.2061197757720947,0.9058260917663574
222,True,1.1983799934387207,0.9081411361694336
223,True,1.2057900428771973,0.92258620262146
224,False,1.2035861015319824,0.9045441150665283
225,False,1.1999022960662842,0.9153759479522705
226,True,1.200911045074463,0.9146409034729004
227,False,1.2052319049835205,0.916417121887207
228,False,1.2109918594360352,0.9149892330169678
229,True,1.2003169059753418,0.9153609275817871
230,False,1.2032666206359863,0.9047551155090332
231,True,1.209902048110962,0.9172310829162598
232,True,1.207930088043213,0.9115450382232666
233,True,1.2104783058166504,0.8967709541320801
234,True,1.2086279392242432,0.8975908756256104
235,True,1.2047221660614014,0.9114630222320557
236,False,1.2049639225006104,0.8963851928710938
237,False,1.2047359943389893,0.8827331066131592
238,False,1.2535908222198486,0.8795561790466309
239,False,1.1631128787994385,0.8837461471557617
240,False,1.2205820083618164,0.8775229454040527
241,True,1.206104040145874,0.9079549312591553
242,False,1.2006652355194092,0.9105606079101562
243,True,1.2020211219787598,0.8849689960479736
244,True,1.199193000793457,0.9107468128204346
245,True,1.2065610885620117,0.9197020530700684
246,False,1.2005770206451416,0.9159998893737793
247,False,1.2040350437164307,0.9110217094421387
248,True,1.201120138168335,0.9013018608093262
249,False,1.2046847343444824,0.9187171459197998
250,True,1.2005000114440918,0.9145967960357666
251,False,1.2051122188568115,0.9245297908782959
252,False,1.206528902053833,0.9174578189849854
253,False,1.203747034072876,0.9131510257720947
254,True,1.1997597217559814,0.9111254215240479
255,False,1.1858530044555664,0.9086027145385742
256,False,1.2086551189422607,0.9047229290008545
257,True,1.2092821598052979,0.9189839363098145
258,True,1.2052490711212158,0.9000658988952637
259,True,1.206773042678833,0.9118578433990479
260,False,1.2144088745117188,0.9150400161743164
261,True,1.2027578353881836,0.9137420654296875
262,True,1.20298433303833,0.8958978652954102
263,False,1.20634126663208,0.9178178310394287
264,False,1.2028872966766357,0.8959469795227051
265,True,1.2039151191711426,0.9023540019989014
266,True,1.2040319442749023,0.9109170436859131
267,True,1.1966347694396973,0.9108560085296631
268,False,1.2027699947357178,0.9175910949707031
269,True,1.199474811553955,0.9113249778747559
270,False,1.1962780952453613,0.9122450351715088
271,False,1.194021224975586,0.9058487415313721
272,False,1.2022440433502197,0.9122090339660645
273,True,1.2055559158325195,0.9199490547180176
274,True,1.187049150466919,0.9124248027801514
275,True,1.2022600173950195,0.9174149036407471
276,False,1.2049050331115723,0.913625955581665
277,False,1.2084991931915283,0.9157719612121582
278,True,1.2054791450500488,0.92392897605896
279,False,1.206272840499878,0.924910306930542
280,False,1.204807996749878,0.9100520610809326
281,True,1.201937198638916,0.9094417095184326
282,False,1.2123780250549316,0.903723955154419
283,False,1.2142610549926758,0.9199669361114502
284,False,1.1998729705810547,0.8926401138305664
285,True,1.202707052230835,0.9217050075531006
286,True,1.2046232223510742,0.898205041885376
287,False,1.2074971199035645,0.9221880435943604
288,False,1.2055530548095703,0.9135489463806152
289,True,1.2077701091766357,0.9180600643157959
290,True,1.2060461044311523,0.9022979736328125
291,False,1.2005791664123535,0.9176220893859863
292,False,1.2065279483795166,0.9134602546691895
293,False,1.200700283050537,0.9054257869720459
294,False,1.1987011432647705,0.9158179759979248
295,False,1.2004899978637695,0.9112589359283447
296,False,1.2010691165924072,0.9175601005554199
297,True,1.1975412368774414,0.9076817035675049
298,False,1.2012557983398438,0.9150028228759766
299,True,1.2003309726715088,0.9163141250610352
300,False,1.198009967803955,0.8989591598510742
301,True,1.2031099796295166,0.8981709480285645
302,True,1.2009930610656738,0.899212121963501
303,False,1.2089319229125977,0.9171261787414551
304,True,1.2098941802978516,0.9177649021148682
305,True,1.2060251235961914,0.9171669483184814
306,True,1.2119290828704834,0.9031949043273926
307,True,1.2068521976470947,0.9146289825439453
308,False,1.2022640705108643,0.9127769470214844
309,True,1.1840183734893799,0.9159448146820068
310,False,1.1984200477600098,0.9171051979064941
311,True,1.2009611129760742,0.9162337779998779
312,True,1.2045412063598633,0.9127769470214844
313,True,1.2040503025054932,0.9060149192810059
314,False,1.2022590637207031,0.914215087890625
315,False,1.1983129978179932,0.900068998336792
316,True,1.2047679424285889,0.9095311164855957
317,False,1.2067368030548096,0.9196410179138184
318,False,1.2049388885498047,0.9185669422149658
319,False,1.2022559642791748,0.9120440483093262
320,True,1.2019848823547363,0.9052112102508545
321,True,1.2023789882659912,0.9007091522216797
322,True,1.1966981887817383,0.9107859134674072
323,False,1.1816291809082031,0.9130597114562988
324,False,1.1987299919128418,0.9127769470214844
325,True,1.2053890228271484,0.9176020622253418
326,False,1.2093288898468018,0.9130439758300781
327,False,1.2038910388946533,0.9162139892578125
328,True,1.2205266952514648,0.9147882461547852
329,False,1.2010648250579834,0.9196920394897461
330,False,1.2055017948150635,0.914715051651001
331,False,1.196640968322754,0.9184067249298096
332,True,1.201488971710205,0.9153740406036377
333,True,1.2034029960632324,0.9188179969787598
334,True,1.2064239978790283,0.914747953414917
335,False,1.200110912322998,0.9051609039306641
336,True,1.2032930850982666,0.9092588424682617
337,False,1.2004542350769043,0.9200818538665771
338,True,1.1983261108398438,0.9087269306182861
339,False,1.2006518840789795,0.9145233631134033
340,False,1.2042872905731201,0.9172308444976807
341,False,1.202873945236206,0.9072461128234863
342,False,1.2092170715332031,0.9150731563568115
343,True,1.208385944366455,0.907127857208252
344,False,1.209475040435791,0.9171159267425537
345,True,1.2056419849395752,0.9148459434509277
346,False,1.2070941925048828,0.9135148525238037
347,True,1.2132368087768555,0.900702953338623
348,True,1.2032952308654785,0.911552906036377
349,False,1.2112140655517578,0.9192698001861572
350,False,1.204474925994873,0.906825065612793
351,False,1.207251787185669,0.8940000534057617
352,False,1.2150049209594727,0.8958320617675781
353,False,1.2062139511108398,0.9201571941375732
354,False,1.210587978363037,0.8994588851928711
355,False,1.2049667835235596,0.9207508563995361
356,False,1.2102539539337158,0.921518087387085
357,True,1.2101199626922607,0.9065420627593994
358,False,1.2146170139312744,0.9180517196655273
359,True,1.2190837860107422,0.9209890365600586
360,True,1.2060420513153076,0.9021768569946289
361,False,1.2039039134979248,0.9056210517883301
362,True,1.202805995941162,0.9116480350494385
363,False,1.2041358947753906,0.9144821166992188
364,True,1.2056779861450195,0.9101097583770752
365,False,1.2034730911254883,0.9150519371032715
366,True,1.206892728805542,0.9143102169036865
367,False,1.205399990081787,0.918100118637085
368,True,1.207988977432251,0.9192750453948975
369,True,1.2031958103179932,0.9194390773773193
370,True,1.1984550952911377,0.9132249355316162
371,False,1.203490972518921,0.9038779735565186
372,False,1.2029850482940674,0.9184808731079102
373,True,1.1922969818115234,0.9148099422454834
374,False,1.1987557411193848,0.9137420654296875
375,False,1.2023611068725586,0.9138188362121582
376,True,1.199908971786499,0.9155411720275879
377,False,1.1968231201171875,0.9136960506439209
378,False,1.196821928024292,0.9027259349822998
379,True,1.2033352851867676,0.897972822189331
380,True,1.2009179592132568,0.9169032573699951
381,False,1.20296311378479,0.9114367961883545
382,True,1.2086210250854492,0.9107928276062012
383,True,1.2071800231933594,0.9029269218444824
384,True,1.206251859664917,0.9208662509918213
385,True,1.1998469829559326,0.9259769916534424
386,False,1.2047319412231445,0.9021561145782471
387,False,1.2054810523986816,0.917726993560791
388,True,1.2009527683258057,0.9176182746887207
389,True,1.200200080871582,0.900925874710083
390,False,1.2030818462371826,0.8996889591217041
391,False,1.204240083694458,0.9138147830963135
392,False,1.1991431713104248,0.9156508445739746
393,False,1.1911470890045166,0.9208660125732422
394,False,1.1995348930358887,0.9014272689819336
395,False,1.204134225845337,0.9140040874481201
396,False,1.199847936630249,0.9202179908752441
397,True,1.200551986694336,0.9140968322753906
398,False,1.1907927989959717,0.9173858165740967
399,False,1.208665132522583,0.9178996086120605
400,True,1.2061870098114014,0.911444902420044
401,True,1.2037980556488037,0.9195389747619629
402,True,1.1989450454711914,0.9139230251312256
403,True,1.2001068592071533,0.9149079322814941
404,True,1.200150966644287,0.9191930294036865
405,False,1.2003021240234375,0.9196979999542236
406,True,1.2048380374908447,0.9093458652496338
407,True,1.2088301181793213,0.9210388660430908
408,False,1.2066102027893066,0.9105379581451416
409,True,1.2104172706604004,0.9268507957458496
410,False,1.2057271003723145,0.9067227840423584
411,False,1.2009289264678955,0.9167611598968506
412,True,1.204014778137207,0.9130640029907227
413,True,1.2018048763275146,0.9286561012268066
414,False,1.2533109188079834,0.8771581649780273
415,True,1.1616511344909668,0.9385800361633301
416,False,1.204409122467041,0.9147021770477295
417,True,1.1997699737548828,0.9187049865722656
418,False,1.1999821662902832,0.9146039485931396
419,False,1.2044947147369385,0.9189610481262207
420,False,1.208258867263794,0.901313066482544
421,True,1.2111692428588867,0.9210679531097412
422,True,1.206406831741333,0.9202730655670166
423,False,1.2014360427856445,0.9152660369873047
424,True,1.202775001525879,0.9135160446166992
425,False,1.2041449546813965,0.9172098636627197
426,False,1.2055988311767578,0.9168519973754883
427,False,1.2074003219604492,0.9174268245697021
428,True,1.2006120681762695,0.9124119281768799
429,False,1.2496490478515625,0.9180281162261963
430,True,1.1861629486083984,0.8977248668670654
431,False,1.2027521133422852,0.9063479900360107
432,False,1.203523874282837,0.9080750942230225
433,False,1.1831691265106201,0.9161539077758789
434,False,1.2060790061950684,0.8953301906585693
435,True,1.2028350830078125,0.9105949401855469
436,True,1.2028663158416748,0.8998017311096191
437,False,1.2029001712799072,0.9217331409454346
438,True,1.2009379863739014,0.9164338111877441
439,True,1.1994669437408447,0.9063200950622559
440,False,1.2019939422607422,0.9020450115203857
441,True,1.2071540355682373,0.9046580791473389
442,False,1.2011468410491943,0.9020123481750488
443,True,1.2033488750457764,0.9021413326263428
444,True,1.1861069202423096,0.9028770923614502
445,True,1.2016761302947998,0.9183869361877441
446,True,1.2061731815338135,0.9195828437805176
447,False,1.19545316696167,0.9200100898742676
448,False,1.2004809379577637,0.919158935546875
449,False,1.1980421543121338,0.8979218006134033
450,False,1.1896100044250488,0.9130029678344727
451,True,1.2027239799499512,0.9158790111541748
452,True,1.205338716506958,0.9193730354309082
453,False,1.207287073135376,0.9219479560852051
454,True,1.2029178142547607,0.9024419784545898
455,False,1.207763910293579,0.9074001312255859
456,False,1.2067551612854004,0.9202039241790771
457,False,1.2057368755340576,0.9207038879394531
458,True,1.1875300407409668,0.9208931922912598
459,True,1.2033741474151611,0.9083306789398193
460,False,1.2035949230194092,0.9001202583312988
461,False,1.1892430782318115,0.9212150573730469
462,True,1.189323902130127,0.9236750602722168
463,False,1.2048120498657227,0.9201509952545166
464,False,1.2061660289764404,0.9068000316619873
465,True,1.2070229053497314,0.9055581092834473
466,True,1.1873867511749268,0.915626049041748
467,False,1.2046899795532227,0.9045870304107666
468,False,1.2027220726013184,0.9133620262145996
469,True,1.2078471183776855,0.9088618755340576
470,False,1.2088110446929932,0.9208922386169434
471,False,1.203895092010498,0.9204308986663818
472,False,1.2088892459869385,0.9192538261413574
473,False,1.20131516456604,0.9138967990875244
474,True,1.19746994972229,0.9119839668273926
475,True,1.2023041248321533,0.9200839996337891
476,True,1.201167106628418,0.9046580791473389
477,True,1.1961820125579834,0.9076721668243408
478,True,1.2055690288543701,0.8948321342468262
479,False,1.2019550800323486,0.9211628437042236
480,False,1.2026019096374512,0.9169847965240479
481,False,1.1979079246520996,0.9129772186279297
482,False,1.189058780670166,0.9122381210327148
483,True,1.200648307800293,0.9134047031402588
484,False,1.2015199661254883,0.9183740615844727
485,True,1.1977548599243164,0.9186091423034668
486,False,1.2048988342285156,0.9139530658721924
487,False,1.2008740901947021,0.9038350582122803
488,False,1.1986229419708252,0.9161820411682129
489,True,1.2062230110168457,0.9164228439331055
490,True,1.2024281024932861,0.9182229042053223
491,False,1.2030258178710938,0.9268159866333008
492,True,1.2030441761016846,0.9119629859924316
493,True,1.2031397819519043,0.9019200801849365
494,True,1.1963889598846436,0.9199161529541016
495,False,1.2043399810791016,0.9254410266876221
496,True,1.1996030807495117,0.9024679660797119
497,False,1.203582763671875,0.9178152084350586
498,False,1.1996610164642334,0.9166059494018555
499,True,1.2062628269195557,0.9190361499786377
500,False,1.208508014678955,0.9205889701843262
501,True,1.2021589279174805,0.9259791374206543
502,False,1.1935548782348633,0.9156990051269531
503,True,1.201643943786621,0.9140810966491699
504,True,1.2050213813781738,0.9158318042755127
505,True,1.1909019947052002,0.9133801460266113
506,False,1.2008519172668457,0.9159500598907471
507,False,1.1982901096343994,0.9181251525878906
508,False,1.2019500732421875,0.9201419353485107
509,False,1.2027530670166016,0.9177279472351074
510,True,1.205575942993164,0.9126410484313965
511,True,1.2061610221862793,0.923914909362793
512,True,1.203111171722412,0.8978288173675537
513,True,1.1886398792266846,0.9067678451538086
514,False,1.207489013671875,0.9038150310516357
515,True,1.2001001834869385,0.9161689281463623
516,False,1.205819845199585,0.911513090133667
517,False,1.201462984085083,0.9255530834197998
518,True,1.201004981994629,0.9163939952850342
519,True,1.203104019165039,0.9250659942626953
520,True,1.2009332180023193,0.9046478271484375
521,True,1.203632116317749,0.9074320793151855
522,False,1.1951329708099365,0.9215219020843506
523,True,1.1991899013519287,0.9160909652709961
524,False,1.202996015548706,0.9158728122711182
525,True,1.197119951248169,0.9108421802520752
526,False,1.1977529525756836,0.9172580242156982
527,False,1.2171909809112549,0.9113969802856445
528,True,1.2108418941497803,0.9240641593933105
529,True,1.211643934249878,0.922461986541748
530,False,1.208130121231079,0.9063370227813721
531,True,1.202514886856079,0.9172260761260986
532,False,1.2110469341278076,0.9122099876403809
533,False,1.2148411273956299,0.9174149036407471
534,True,1.210345983505249,0.9132888317108154
535,False,1.2083790302276611,0.9225020408630371
536,True,1.2116649150848389,0.9243068695068359
537,False,1.2069790363311768,0.9229497909545898
538,False,1.2101068496704102,0.9177272319793701
539,False,1.2026231288909912,0.9197578430175781
540,False,1.2039210796356201,0.9205858707427979
541,True,1.2030768394470215,0.9147500991821289
542,True,1.212914228439331,0.9179890155792236
543,False,1.2023391723632812,0.9271929264068604
544,True,1.2030959129333496,0.903864860534668
545,True,1.203315258026123,0.9173598289489746
546,False,1.1899361610412598,0.9107668399810791
547,False,1.208132028579712,0.9201390743255615
548,False,1.2046403884887695,0.8939347267150879
549,True,1.1985762119293213,0.9084978103637695
550,True,1.2008030414581299,0.9110240936279297
551,True,1.204927921295166,0.9154059886932373
552,False,1.2031581401824951,0.9137327671051025
553,True,1.205737829208374,0.9227941036224365
554,True,1.1995108127593994,0.9174551963806152
555,True,1.201225996017456,0.9198660850524902
556,False,1.1887078285217285,0.915147066116333
557,False,1.20438814163208,0.9213709831237793
558,True,1.205306053161621,0.9038259983062744
559,False,1.24515700340271,0.9119272232055664
560,True,1.2053940296173096,0.9117670059204102
561,False,1.2030086517333984,0.9217352867126465
562,True,1.2038447856903076,0.908052921295166
563,False,1.208207130432129,0.9177329540252686
564,False,1.205430030822754,0.9123179912567139
565,True,1.2054388523101807,0.9220700263977051
566,True,1.2042338848114014,0.9211220741271973
567,True,1.2023451328277588,0.9162418842315674
568,True,1.2026422023773193,0.9071197509765625
569,False,1.199507236480713,0.9219317436218262
570,False,1.2047333717346191,0.8964657783508301
571,True,1.3750407695770264,0.9242691993713379
572,True,1.371062994003296,0.9246389865875244
573,False,1.2879307270050049,0.9183990955352783
574,False,1.3391690254211426,0.917119026184082
575,False,1.3526067733764648,0.9061751365661621
576,False,1.383249044418335,0.9178400039672852
577,True,1.5139708518981934,0.9101371765136719
578,False,1.2609598636627197,0.9357619285583496
579,True,1.3822321891784668,0.9187808036804199
580,True,1.3768179416656494,0.9181487560272217
581,False,1.303905963897705,0.9362189769744873
582,True,1.3698158264160156,0.920018196105957
583,True,1.3794739246368408,0.9478840827941895
584,False,1.2951431274414062,0.8990240097045898
585,True,1.3255329132080078,0.9063160419464111
586,False,1.2892699241638184,0.9284417629241943
587,False,1.3831501007080078,0.9241809844970703
588,True,1.3754169940948486,0.926933765411377
589,False,1.2755558490753174,0.92864990234375
590,False,1.3760879039764404,0.9095628261566162
591,False,1.3766090869903564,0.9177510738372803
592,False,1.353247880935669,0.9293482303619385
593,True,1.3807578086853027,0.9273061752319336
594,False,1.2760729789733887,0.9257431030273438
595,True,1.3851258754730225,0.9246871471405029
596,True,1.3663558959960938,0.9236559867858887
597,True,1.377856969833374,0.9301531314849854
598,False,1.255908727645874,0.9277827739715576
599,True,1.3715729713439941,0.9242582321166992
600,True,1.3703978061676025,0.9248790740966797
601,False,1.2698261737823486,0.9324221611022949
602,False,1.383791208267212,0.9197959899902344
603,True,1.3675320148468018,0.9202320575714111
604,True,1.3749909400939941,0.9072418212890625
605,True,1.3604841232299805,0.9045140743255615
606,True,1.3647141456604004,0.9070560932159424
607,False,1.2522482872009277,0.9182450771331787
608,False,1.3737599849700928,0.9186708927154541
609,True,1.3725171089172363,0.9306049346923828
610,False,1.2807331085205078,0.9331579208374023
611,False,1.3655920028686523,0.9161481857299805
612,False,1.3701972961425781,0.9138519763946533
613,False,1.3689298629760742,0.9267420768737793
614,False,1.366288185119629,0.9113049507141113
615,True,1.3762061595916748,0.9220077991485596
616,True,1.3610751628875732,0.9288487434387207
617,True,1.382493019104004,0.9246120452880859
618,False,1.2613389492034912,0.9113481044769287
619,False,1.352992057800293,0.9179389476776123
620,False,1.3756768703460693,0.9178838729858398
621,False,1.3667881488800049,0.9286787509918213
622,True,1.3599789142608643,0.9106881618499756
623,False,1.267237901687622,0.9362120628356934
624,True,1.3685381412506104,0.9195189476013184
625,True,1.3819761276245117,0.923447847366333
626,False,1.2652218341827393,0.921295166015625
627,True,1.370987892150879,0.9219348430633545
628,True,1.3787181377410889,0.9198718070983887
629,False,1.267160177230835,0.9368829727172852
630,True,1.3725802898406982,0.9211578369140625
631,True,1.3694500923156738,0.925037145614624
632,True,1.3765242099761963,0.9041128158569336
633,False,1.2626957893371582,0.9304230213165283
634,True,1.3663702011108398,0.9152817726135254
635,False,1.266388177871704,0.9349977970123291
636,True,1.3766539096832275,0.9151651859283447
637,False,1.2717511653900146,0.93166184425354
638,False,1.378669023513794,0.9228880405426025
639,False,1.3680241107940674,0.9337038993835449
640,True,1.3779761791229248,0.922555685043335
641,False,1.2704436779022217,0.9328622817993164
642,True,1.3790290355682373,0.9226887226104736
643,False,1.2720451354980469,0.9316327571868896
644,False,1.3783140182495117,0.9297630786895752
645,True,1.3647332191467285,0.9149699211120605
646,True,1.3760781288146973,0.9186732769012451
647,False,1.274980068206787,0.9180629253387451
648,False,1.3686370849609375,0.908099889755249
649,True,1.376905918121338,0.9267263412475586
650,False,1.256443977355957,0.9282751083374023
651,False,1.3759510517120361,0.9109890460968018
652,True,1.3775761127471924,0.9074819087982178
653,False,1.2726261615753174,0.9302077293395996
654,False,1.3600032329559326,0.9230551719665527
655,False,1.3754258155822754,0.9044251441955566
656,True,1.3681538105010986,0.9036562442779541
657,True,1.3706879615783691,0.9192779064178467
658,True,1.3742260932922363,0.9106788635253906
659,True,1.3756887912750244,0.9224982261657715
660,True,1.3581299781799316,0.9267599582672119
661,False,1.2762959003448486,0.930866003036499
662,False,1.3773832321166992,0.9112100601196289
663,False,1.3774840831756592,0.9115216732025146
664,False,1.3788650035858154,0.9244029521942139
665,False,1.3724946975708008,0.9331090450286865
666,True,1.37388277053833,0.9093611240386963
667,False,1.264326810836792,0.9306271076202393
668,True,1.3624811172485352,0.9176900386810303
669,False,1.2700681686401367,0.9141566753387451
670,True,1.3740971088409424,0.9206199645996094
671,True,1.35813307762146,0.931286096572876
672,False,1.2716848850250244,0.9199721813201904
673,True,1.374730110168457,0.9314219951629639
674,True,1.377464771270752,0.9148921966552734
675,True,1.3819241523742676,0.9320540428161621
676,True,1.3738701343536377,0.9234459400177002
677,True,1.3771779537200928,0.924919843673706
678,False,1.2648258209228516,0.9345991611480713
679,False,1.3703668117523193,0.9191708564758301
680,True,1.3815608024597168,0.9163260459899902
681,False,1.2864389419555664,0.9262731075286865
682,False,1.3646419048309326,0.924091100692749
683,False,1.3879270553588867,0.9136309623718262
684,True,1.546769142150879,0.9060878753662109
685,True,1.3957297801971436,0.9095580577850342
686,True,1.38798189163208,0.9298250675201416
687,False,1.3265249729156494,0.9383888244628906
688,False,1.380948781967163,0.9370203018188477
689,True,1.3971788883209229,0.9079310894012451
690,True,1.3658058643341064,0.9219920635223389
691,True,1.3858590126037598,0.9329280853271484
692,True,1.3819961547851562,0.9199249744415283
693,False,1.317828893661499,0.9338781833648682
694,True,1.3832981586456299,0.9228339195251465
695,True,1.3958678245544434,0.9306271076202393
696,True,1.3684780597686768,0.9162249565124512
697,False,1.3252971172332764,0.9232990741729736
698,False,1.379875898361206,0.9270260334014893
699,False,1.3759732246398926,0.9303388595581055
700,True,1.381659746170044,0.9235882759094238
701,False,1.3173692226409912,0.9367198944091797
702,True,1.3754479885101318,0.9243350028991699
703,True,1.3871331214904785,0.915557861328125
704,False,1.322463035583496,0.9373190402984619
705,True,1.3880670070648193,0.9222908020019531
706,True,1.386479139328003,0.9157860279083252
707,True,1.386017084121704,0.9261996746063232
708,False,1.3012480735778809,0.9277238845825195
709,True,1.3747069835662842,0.9235529899597168
710,False,1.3115851879119873,0.935478687286377
711,False,1.3860609531402588,0.9272089004516602
712,False,1.3839712142944336,0.9306070804595947
713,False,1.3815972805023193,0.927830696105957
714,False,1.3913800716400146,0.9299650192260742
715,False,1.3700900077819824,0.9307796955108643
716,False,1.3901097774505615,0.9246511459350586
717,True,1.3876981735229492,0.9176530838012695
718,True,1.3841848373413086,0.9305150508880615
719,True,1.3816540241241455,0.9271259307861328
720,False,1.3195359706878662,0.9307370185852051
721,False,1.3855290412902832,0.924065113067627
722,True,1.3789310455322266,0.9150259494781494
723,True,1.3786959648132324,0.9269430637359619
724,True,1.3865442276000977,0.9324278831481934
725,True,1.3855609893798828,0.9107320308685303
726,False,1.3184311389923096,0.9388651847839355
727,False,1.3889930248260498,0.9234147071838379
728,True,1.3908729553222656,0.9265463352203369
729,True,1.392585277557373,0.9247629642486572
730,False,1.3213238716125488,0.9328179359436035
731,True,1.3960111141204834,0.90767502784729
732,False,1.314849853515625,0.9290010929107666
733,False,1.3894519805908203,0.9281761646270752
734,False,1.3890538215637207,0.923612117767334
735,True,1.3834831714630127,0.925501823425293
736,False,1.31758713722229,0.930976152420044
737,True,1.3869571685791016,0.9238526821136475
738,True,1.3858816623687744,0.9263451099395752
739,False,1.3112382888793945,0.9383220672607422
740,False,1.3870887756347656,0.9251360893249512
741,True,1.3799192905426025,0.9192125797271729
742,False,1.323880910873413,0.9378697872161865
743,True,1.3909192085266113,0.9221978187561035
744,False,1.3140590190887451,0.9332962036132812
745,False,1.393061876296997,0.9313778877258301
746,False,1.3947880268096924,0.9260179996490479
747,True,1.3865249156951904,0.9187071323394775
748,False,1.3277308940887451,0.917072057723999
749,True,1.388559103012085,0.9129819869995117
750,False,1.3145110607147217,0.9408299922943115
751,True,1.3897531032562256,0.9283478260040283
752,True,1.3782618045806885,0.9174730777740479
753,False,1.322260856628418,0.9241809844970703
754,False,1.4392271041870117,0.9280316829681396
755,True,1.3424408435821533,0.9000091552734375
756,False,1.3169240951538086,0.9355108737945557
757,False,1.3955671787261963,0.933311939239502
758,False,1.3969478607177734,0.9154398441314697
759,True,1.3938450813293457,0.9101848602294922
760,False,1.3257009983062744,0.9291138648986816
761,False,1.3882298469543457,0.9319579601287842
762,False,1.3916552066802979,0.9147038459777832
763,False,1.3726859092712402,0.9314119815826416
764,True,1.3879199028015137,0.9219620227813721
765,False,1.3183200359344482,0.9358761310577393
766,True,1.3849432468414307,0.9122507572174072
767,True,1.397001028060913,0.9443566799163818
768,False,1.3364248275756836,0.9379723072052002
769,False,1.3936941623687744,0.9364199638366699
770,False,1.3834202289581299,0.9155006408691406
771,False,1.3921351432800293,0.9301466941833496
772,False,1.383791208267212,0.9341597557067871
773,True,1.3926897048950195,0.947594165802002
774,False,1.3282313346862793,0.9249677658081055
775,False,1.3971619606018066,0.9321169853210449
776,True,1.392596960067749,0.9148468971252441
777,True,1.3840980529785156,0.9198598861694336
778,False,1.317673921585083,0.9342341423034668
779,True,1.373495101928711,0.9295597076416016
780,True,1.3885197639465332,0.9309101104736328
781,False,1.3283531665802002,0.9378490447998047
782,False,1.3959839344024658,0.9322090148925781
783,True,1.3849101066589355,0.9282040596008301
784,True,1.3943049907684326,0.915172815322876
785,False,1.3253898620605469,0.9313609600067139
786,True,1.3887381553649902,0.924854040145874
787,True,1.394305944442749,0.9280588626861572
788,True,1.39009428024292,0.9187257289886475
789,False,1.3108811378479004,0.9417438507080078
790,True,1.3887288570404053,0.9257299900054932
791,False,1.3191468715667725,0.9325098991394043
792,True,1.3870658874511719,0.9186379909515381
793,False,1.3178391456604004,0.9403510093688965
794,True,1.399935007095337,0.918766975402832
795,True,1.399510145187378,0.9343900680541992
796,False,1.3330907821655273,0.939810037612915
797,False,1.397007942199707,0.9185581207275391
798,False,1.4009568691253662,0.9298350811004639
799,True,1.384531021118164,0.9279649257659912
800,False,1.3272740840911865,0.9394128322601318
801,False,1.3961317539215088,0.9273290634155273
802,False,1.396864891052246,0.9293539524078369
803,False,1.381786823272705,0.9281470775604248
804,True,1.3903748989105225,0.9244332313537598
805,False,1.3301401138305664,0.937244176864624
806,False,1.383424997329712,0.9294331073760986
807,False,1.397003173828125,0.924799919128418
808,True,1.3982980251312256,0.9255475997924805
809,True,1.3935658931732178,0.9317617416381836
810,True,1.4000110626220703,0.9119071960449219
811,True,1.3937568664550781,0.9168400764465332
812,True,1.3965468406677246,0.9299829006195068
813,True,1.3920092582702637,0.9360277652740479
814,False,1.3321681022644043,0.9388298988342285
815,False,1.387495994567871,0.92181396484375
816,False,1.40767502784729,0.9226100444793701
817,False,1.38621187210083,0.9343430995941162
818,True,1.4104301929473877,0.927297830581665
819,True,1.4168689250946045,0.9298710823059082
820,False,1.334528923034668,0.9373190402984619
821,False,1.3985180854797363,0.9345149993896484
822,True,1.3696019649505615,0.9112529754638672
823,False,1.3375091552734375,0.9433560371398926
824,False,1.401036024093628,0.9326660633087158
825,True,1.3828260898590088,0.9283580780029297
826,False,1.326892614364624,0.9280812740325928
827,False,1.3977627754211426,0.9319751262664795
828,False,1.3921971321105957,0.9250500202178955
829,False,1.3988289833068848,0.9224948883056641
830,False,1.388017177581787,0.9320588111877441
831,False,1.3976621627807617,0.9361069202423096
832,True,1.392305850982666,0.912175178527832
833,False,1.3045389652252197,0.9240589141845703
834,True,1.3893978595733643,0.9116992950439453
835,True,1.3959529399871826,0.9396378993988037
836,False,1.3366990089416504,0.934668779373169
837,False,1.3955419063568115,0.9356553554534912
838,True,1.3975648880004883,0.9196851253509521
839,False,1.3396589756011963,0.9385790824890137
840,False,1.3939452171325684,0.9179909229278564
841,True,1.3983197212219238,0.9052791595458984
842,True,1.395611047744751,0.9122190475463867
843,False,1.312060832977295,0.9406321048736572
844,True,1.3975739479064941,0.9220669269561768
845,False,1.324695110321045,0.9405367374420166
846,False,1.3793480396270752,0.935070276260376
847,False,1.4076039791107178,0.9266188144683838
848,True,1.391695261001587,0.9161169528961182
849,False,1.3272299766540527,0.9303033351898193
850,False,1.3967070579528809,0.9306070804595947
851,True,1.387455940246582,0.9268088340759277
852,True,1.3931889533996582,0.9171199798583984
853,True,1.3909780979156494,0.9342119693756104
854,False,1.3275830745697021,0.9306018352508545
855,False,1.3814470767974854,0.9286668300628662
856,True,1.3880159854888916,0.9222579002380371
857,True,1.3966259956359863,0.9352917671203613
858,True,1.3879637718200684,0.9318830966949463
859,False,1.317152976989746,0.9385652542114258
860,True,1.3861098289489746,0.9109561443328857
861,False,1.3260841369628906,0.9372496604919434
862,False,1.4030442237854004,0.9258968830108643
863,False,1.391960859298706,0.9361159801483154
864,True,1.3922350406646729,0.9077639579772949
865,False,1.3138041496276855,0.9429540634155273
866,False,1.3935770988464355,0.9309029579162598
867,True,1.3910398483276367,0.9219462871551514
868,False,1.3177580833435059,0.9329919815063477
869,False,1.386281967163086,0.920403242111206
870,True,1.3727176189422607,0.924680233001709
871,False,1.3282561302185059,0.9325098991394043
872,False,1.4050781726837158,0.9303758144378662
873,False,1.4019670486450195,0.9184200763702393
874,True,1.3943049907684326,0.9194769859313965
875,True,1.379863977432251,0.9317457675933838
876,False,1.324793815612793,0.9381880760192871
877,True,1.3941290378570557,0.9261507987976074
878,False,1.3181531429290771,0.9275839328765869
879,True,1.3955230712890625,0.9242839813232422
880,False,1.3104369640350342,0.9204459190368652
881,False,1.3943510055541992,0.927030086517334
882,False,1.3899199962615967,0.9298653602600098
883,True,1.398648977279663,0.9205491542816162
884,False,1.3296961784362793,0.9368269443511963
885,True,1.3985540866851807,0.9245567321777344
886,True,1.3895680904388428,0.9259231090545654
887,True,1.3889031410217285,0.9310307502746582
888,False,1.3223111629486084,0.935917854309082
889,True,1.3881449699401855,0.9268290996551514
890,True,1.3951160907745361,0.9224340915679932
891,True,1.3954641819000244,0.9308900833129883
892,True,1.388049840927124,0.9302570819854736
893,True,1.3840837478637695,0.9203920364379883
894,True,1.3920178413391113,0.9379031658172607
895,False,1.3239049911499023,0.9424960613250732
896,False,1.3766701221466064,0.9260108470916748
897,False,1.3949308395385742,0.9352607727050781
898,True,1.4007058143615723,0.9271399974822998
899,True,1.399921178817749,0.9328639507293701
900,True,1.3931059837341309,0.9197421073913574
901,False,1.3041350841522217,0.9382421970367432
902,False,1.3967170715332031,0.9296460151672363
903,False,1.3966259956359863,0.9188368320465088
904,False,1.3948168754577637,0.9282350540161133
905,True,1.3953819274902344,0.9139490127563477
906,True,1.3994238376617432,0.9229929447174072
907,False,1.3318321704864502,0.9385180473327637
908,True,1.3814725875854492,0.9116053581237793
909,False,1.3143141269683838,0.9385550022125244
910,True,1.3867862224578857,0.9217147827148438
911,False,1.3226721286773682,0.9395060539245605
912,False,1.3959031105041504,0.9233458042144775
913,True,1.3948252201080322,0.9272942543029785
914,False,1.309941053390503,0.9377410411834717
915,False,1.3994181156158447,0.9376757144927979
916,True,1.391739845275879,0.9224340915679932
917,True,1.394129991531372,0.9244670867919922
918,False,1.3257148265838623,0.9344589710235596
919,True,1.3950567245483398,0.9265532493591309
920,True,1.3999228477478027,0.9174211025238037
921,False,1.3216888904571533,0.9404201507568359
922,False,1.3973808288574219,0.9140641689300537
923,False,1.3961358070373535,0.9639320373535156
924,True,1.433558702468872,0.9403352737426758
925,False,1.320662021636963,0.9001269340515137
926,True,1.3894259929656982,0.9181239604949951
927,True,1.3950309753417969,0.913801908493042
928,False,1.3226559162139893,0.9307968616485596
929,False,1.3927340507507324,0.917802095413208
930,False,1.3796422481536865,0.9329667091369629
931,False,1.3787879943847656,0.9386088848114014
932,False,1.397400140762329,0.9337239265441895
933,False,1.4008278846740723,0.9373459815979004
934,True,1.3940069675445557,0.9256350994110107
935,True,1.3921852111816406,0.9331188201904297
936,False,1.3353517055511475,0.9365622997283936
937,False,1.3873131275177002,0.9226930141448975
938,False,1.397731065750122,0.9299850463867188
939,False,1.389939785003662,0.9179267883300781
940,False,1.37437105178833,0.930147647857666
941,False,1.3861989974975586,0.9409821033477783
942,False,1.3901050090789795,0.9155340194702148
943,False,1.391883134841919,0.9328250885009766
944,True,1.3928940296173096,0.9294488430023193
945,True,1.3876559734344482,0.935283899307251
946,True,1.399233102798462,0.9256730079650879
947,True,1.3819420337677002,0.9335541725158691
948,True,1.3879642486572266,0.9133858680725098
949,True,1.3987939357757568,0.9158172607421875
950,True,1.395124912261963,0.9091570377349854
951,False,1.3286972045898438,0.9409730434417725
952,True,1.3840200901031494,0.926738977432251
953,True,1.3975169658660889,0.9121859073638916
954,False,1.3175370693206787,0.9393479824066162
955,False,1.4014089107513428,0.9285502433776855
956,True,1.3928656578063965,0.9188783168792725
957,False,1.3328182697296143,0.9358627796173096
958,True,1.4023668766021729,0.9194450378417969
959,False,1.321800947189331,0.9454240798950195
960,True,1.3935949802398682,0.9231889247894287
961,True,1.389634132385254,0.9217438697814941
962,False,1.3282890319824219,0.9354419708251953
963,False,1.3906209468841553,0.9437880516052246
964,False,1.4032177925109863,0.9320030212402344
965,True,1.4016718864440918,0.9247889518737793
966,True,1.391343116760254,0.9332609176635742
967,True,1.395240306854248,0.9294557571411133
968,True,1.3876028060913086,0.932826042175293
969,True,1.3890550136566162,0.9271607398986816
970,False,1.3159191608428955,0.9343128204345703
971,True,1.3808128833770752,0.9281589984893799
972,True,1.390599012374878,0.9286141395568848
973,False,1.321889877319336,0.9359250068664551
974,False,1.3936562538146973,0.9329347610473633
975,True,1.4045181274414062,0.9316370487213135
976,False,1.334320068359375,0.9389810562133789
977,True,1.4009060859680176,0.9231500625610352
978,False,1.3219430446624756,0.936898946762085
979,False,1.3943722248077393,0.9324548244476318
980,False,1.397679090499878,0.9324498176574707
981,False,1.3924369812011719,0.9377820491790771
982,False,1.4016168117523193,0.928314208984375
983,True,1.3884479999542236,0.9246339797973633
984,False,1.327023983001709,0.9359269142150879
985,False,1.3959181308746338,0.9304699897766113
986,False,1.3811960220336914,0.9229390621185303
987,False,1.389603853225708,0.9096629619598389
988,True,1.3946270942687988,0.912341833114624
989,True,1.4024159908294678,0.9314510822296143
990,True,1.4005868434906006,0.9297151565551758
991,True,1.3837568759918213,0.9246981143951416
992,True,1.3957669734954834,0.9324700832366943
993,True,1.3945262432098389,0.9267017841339111
994,True,1.3987648487091064,0.9266431331634521
995,False,1.306203842163086,0.9404993057250977
996,False,1.3896853923797607,0.9304068088531494
997,True,1.3949768543243408,0.9342138767242432
998,False,1.332183837890625,0.9319941997528076
999,False,1.4043960571289062,0.9097411632537842
